{
  "datasets": {
    "DY": {
      "againstElectronDiscriminator": 0.0038998997389502197,
      "againstMuonDiscriminator": 0.027929984550553354,
      "dilepton_veto": 0.01652074756105582,
      "dy_emb_veto": 0.7765117211277225,
      "dy_fakes": 0.8053283251926303,
      "extraelec_veto": 0.005985818957870801,
      "extramuon_veto": 0.4772937185874325,
      "ff_veto": 0.871059886405155,
      "mt_cut": 0.10941861506298413,
      "muon_iso": 0.0563872163832489,
      "os": 0.2445325790957565,
      "ss": 0.7554674209042435,
      "tau_anti_iso": 0.6951360336743294,
      "tau_iso": 0.6711118768130451,
      "trg_selection": 0.607404622643434,
      "ztt_cut": 0.22348827887227757
    },
    "EMB": {
      "againstElectronDiscriminator": 0.0019422125640317907,
      "againstMuonDiscriminator": 0.004638637980804172,
      "dilepton_veto": 0.0011866383621453973,
      "dy_genuine_tau": 0.008196331739494703,
      "extraelec_veto": 0.0017877882918879598,
      "extramuon_veto": 0.008778517800596606,
      "mt_cut": 0.051242345783169094,
      "muon_iso": 0.07800018278027222,
      "os": 0.0256871159703747,
      "ss": 0.9743128840296253,
      "tau_anti_iso": 0.6773372969411042,
      "tau_iso": 0.42136591355703046,
      "trg_selection": 0.6534472505594834
    },
    "TT": {
      "againstElectronDiscriminator": 0.010169306483183985,
      "againstMuonDiscriminator": 0.008419734501917504,
      "dilepton_veto": 0.0009811714114596527,
      "extraelec_veto": 0.06169463211331559,
      "extramuon_veto": 0.04200828805235441,
      "ff_veto": 0.5579323106110825,
      "mt_cut": 0.537472841035623,
      "muon_iso": 0.07243187011603319,
      "os": 0.2737097692303453,
      "ss": 0.7262902307696547,
      "tau_anti_iso": 0.7311200864436261,
      "tau_iso": 0.8384557663262674,
      "trg_selection": 0.48080627085070893,
      "tt_emb_veto": 0.043917235701547534,
      "tt_fakes": 0.4665705341795335,
      "ttt_cut": 0.9560827642984525
    },
    "VV": {
      "againstElectronDiscriminator": 0.004469910293588864,
      "againstMuonDiscriminator": 0.007238609875366474,
      "dilepton_veto": 0.0004819089525708916,
      "extraelec_veto": 0.01809109032029748,
      "extramuon_veto": 0.02286886849178119,
      "ff_veto": 0.8265175560755261,
      "mt_cut": 0.4960144755594813,
      "muon_iso": 0.08525958340626641,
      "os": 0.34496792833155004,
      "ss": 0.65503207166845,
      "tau_anti_iso": 0.7456936625234889,
      "tau_iso": 0.9193285856750308,
      "trg_selection": 0.5556476916861823,
      "tt_emb_veto": 0.03301638515014594,
      "vv_fakes": 0.2007710658892208,
      "vvt_cut": 0.9669836148498541
    },
    "W": {
      "againstElectronDiscriminator": 0.0014298066461473902,
      "againstMuonDiscriminator": 0.004629150087370261,
      "dilepton_veto": 0.0002458394617799619,
      "extraelec_veto": 0.0011231968738807966,
      "extramuon_veto": 0.00030215650528647633,
      "mt_cut": 0.48148683677815224,
      "muon_iso": 0.042770790237911895,
      "os": 0.28941240868228807,
      "ss": 0.710587591317712,
      "tau_anti_iso": 0.7172774780392582,
      "tau_iso": 0.94604706647869,
      "trg_selection": 0.6220878056694942
    },
    "data": {
      "againstElectronDiscriminator": 0.0024036394127578743,
      "againstMuonDiscriminator": 0.010094522278454431,
      "dilepton_veto": 0.002419781662255276,
      "extraelec_veto": 0.005573463669479803,
      "extramuon_veto": 0.07466102780417787,
      "mt_cut": 0.3287343006699478,
      "muon_iso": 0.11846253690697175,
      "os": 0.35232471260601134,
      "ss": 0.6476752873939886,
      "tau_anti_iso": 0.7154520597278197,
      "tau_iso": 0.9149522072460442,
      "trg_selection": 0.62892252801231
    },
    "ggH": {
      "againstElectronDiscriminator": 0.0057599354728477175,
      "againstMuonDiscriminator": 0.0056191871540875165,
      "dilepton_veto": 0.0024075857991358264,
      "extraelec_veto": 0.01099102571807726,
      "extramuon_veto": 0.005764594174106809,
      "ggh_htautau_bin100_selection": 0.9999987495253406,
      "ggh_htautau_bin101_selection": 0.8314864517323034,
      "ggh_htautau_bin102_selection": 0.9992076158908653,
      "ggh_htautau_bin103_selection": 0.9998687001607693,
      "ggh_htautau_bin104_selection": 0.9997832510590479,
      "ggh_htautau_bin105_selection": 0.6033536063063938,
      "ggh_htautau_bin106_selection": 0.8673975829992134,
      "ggh_htautau_bin107_selection": 0.933741099225581,
      "ggh_htautau_bin108_selection": 0.9582274771798795,
      "ggh_htautau_bin109_selection": 0.9871021875386866,
      "ggh_htautau_bin110_selection": 0.9670391552793581,
      "ggh_htautau_bin111_selection": 0.927476638007177,
      "ggh_htautau_bin112_selection": 0.9385416714427851,
      "ggh_htautau_bin113_selection": 0.9875340181210451,
      "ggh_htautau_bin114_selection": 0.9995852592379858,
      "ggh_htautau_bin115_selection": 0.9998474420915606,
      "ggh_htautau_bin116_selection": 0.9998090942020075,
      "htxs": 0.0,
      "mt_cut": 0.07525992225715356,
      "muon_iso": 0.04956521718734351,
      "os": 0.029250193628042327,
      "tau_iso": 0.3743253117482011,
      "trg_selection": 0.3597508805433936
    },
    "qqH": {
      "againstElectronDiscriminator": 0.005777841551789532,
      "againstMuonDiscriminator": 0.005514820166458528,
      "dilepton_veto": 0.0029534196338689253,
      "extraelec_veto": 0.024378971005829003,
      "extramuon_veto": 0.016821126582490582,
      "mt_cut": 0.07697166570025954,
      "muon_iso": 0.04145228585559458,
      "os": 0.06895344753640845,
      "qqH125": 0.0,
      "tau_iso": 0.3796830326905507,
      "trg_selection": 0.3394681925898815,
      "vbf_htautau_bin200_selection": 1.0,
      "vbf_htautau_bin201_selection": 0.9974110996773187,
      "vbf_htautau_bin202_selection": 0.9857470793386198,
      "vbf_htautau_bin203_selection": 0.9636506288327132,
      "vbf_htautau_bin204_selection": 0.9334173018629839,
      "vbf_htautau_bin205_selection": 0.7166551035327314,
      "vbf_htautau_bin206_selection": 0.7829630802326285,
      "vbf_htautau_bin207_selection": 0.8918377467254601,
      "vbf_htautau_bin208_selection": 0.9574123568771157,
      "vbf_htautau_bin209_selection": 0.8222983009177558,
      "vbf_htautau_bin210_selection": 0.9486073020026727
    }
  },
  "schema_version": 1,
  "updated_utc": "2026-04-03T18:08:06Z"
}
